membership:sample_set_id	sample
Pancreas	GTEX-NPJ8-2126-SM-3MJGK
Pancreas	GTEX-1B8KZ-0926-SM-731D7
Pancreas	GTEX-P4PP-1026-SM-3NM9O
Pancreas	GTEX-P4PQ-1026-SM-3NMCN
Pancreas	GTEX-P4QS-1026-SM-3NMCW
Pancreas	GTEX-Y8LW-1026-SM-5IFJY
Pancreas	GTEX-ZZPU-0726-SM-5N9C8
Pancreas	GTEX-YB5K-1826-SM-5IFJC
Pancreas	GTEX-12WSL-0426-SM-5GCNX
Pancreas	GTEX-YB5E-0526-SM-4VDSD
Pancreas	GTEX-13SLX-1326-SM-5S2QS
Pancreas	GTEX-1H1E6-0826-SM-9WG83
Pancreas	GTEX-OIZF-1026-SM-2HML5
Pancreas	GTEX-1AYCT-1226-SM-7EPGH
Pancreas	GTEX-13W3W-1026-SM-5IFG4
Pancreas	GTEX-12WSN-0826-SM-5GCOF
Pancreas	GTEX-1B932-1626-SM-731EA
Pancreas	GTEX-15UF7-0826-SM-6M46E
Pancreas	GTEX-OHPM-1026-SM-3LK74
Pancreas	GTEX-15UF6-1826-SM-6LLI9
Pancreas	GTEX-13X6H-0626-SM-5LU53
Pancreas	GTEX-1B933-1726-SM-731FC
Pancreas	GTEX-PX3G-1026-SM-48TZW
Pancreas	GTEX-OHPL-1026-SM-3MJGI
Pancreas	GTEX-1AX9K-2026-SM-731D1
Pancreas	GTEX-1H1DG-1426-SM-9OSXP
Pancreas	GTEX-15UKP-1326-SM-6LPI8
Pancreas	GTEX-Y9LG-0726-SM-4VDS3
Pancreas	GTEX-PW2O-0826-SM-48TC5
Pancreas	GTEX-16MT8-1726-SM-7EWE7
Pancreas	GTEX-1H23P-2026-SM-9OSXY
Pancreas	GTEX-13U4I-1526-SM-5IFFF
Pancreas	GTEX-PLZ6-0726-SM-3P619
Pancreas	GTEX-13VXT-1226-SM-5LU3M
Pancreas	GTEX-12WSK-0226-SM-5BC62
Pancreas	GTEX-1B8KE-0726-SM-72D7G
Pancreas	GTEX-O5YT-1026-SM-3MJGF
Pancreas	GTEX-OXRK-1526-SM-E6CHJ
Pancreas	GTEX-Y8E4-1326-SM-5IFIY
Pancreas	GTEX-OOBK-1026-SM-48TC2
Pancreas	GTEX-ZYY3-0826-SM-5E44R
Pancreas	GTEX-PSDG-1526-SM-48TCY
Pancreas	GTEX-OOBJ-1026-SM-3NB2L
Pancreas	GTEX-OIZI-1526-SM-E6CHI
Pancreas	GTEX-1AYD5-0326-SM-7EWEO
Pancreas	GTEX-ZYW4-2126-SM-59HJ9
Pancreas	GTEX-WY7C-1026-SM-4OND3
Pancreas	GTEX-S95S-0726-SM-4B64H
Pancreas	GTEX-ZYT6-1326-SM-5E453
Pancreas	GTEX-WHSB-0726-SM-4M1XQ
Pancreas	GTEX-18A7A-1726-SM-7LT93
Pancreas	GTEX-1LVAN-1226-SM-CNNQY
Pancreas	GTEX-XBEW-1626-SM-4SOJP
Pancreas	GTEX-ZPU1-0226-SM-4WWC9
Pancreas	GTEX-14AS3-0326-SM-5Q5DB
Pancreas	GTEX-ZPIC-0926-SM-4WWFK
Pancreas	GTEX-13N11-0226-SM-5KM3C
Pancreas	GTEX-X15G-0726-SM-4PQZ5
Pancreas	GTEX-XGQ4-0226-SM-4GIDS
Pancreas	GTEX-15CHR-2026-SM-7MXU2
Pancreas	GTEX-1M5QR-0926-SM-DHXK8
Pancreas	GTEX-T5JW-0226-SM-4DM7I
Pancreas	GTEX-Q2AH-0926-SM-48TZK
Pancreas	GTEX-131XG-1426-SM-5GCMO
Pancreas	GTEX-1MGNQ-1226-SM-EV7BM
Pancreas	GTEX-T8EM-0826-SM-4DM76
Pancreas	GTEX-1LSNM-0726-SM-DHXL1
Pancreas	GTEX-ZP4G-0426-SM-4YCER
Pancreas	GTEX-14BMU-0726-SM-73KXS
Pancreas	GTEX-1JK1U-1026-SM-AHZ44
Pancreas	GTEX-14PJM-2126-SM-6AJAS
Pancreas	GTEX-1I1GQ-2226-SM-B2LX1
Pancreas	GTEX-1LGRB-0426-SM-CNNRD
Pancreas	GTEX-11XUK-0626-SM-5N9ES
Pancreas	GTEX-ZPCL-0726-SM-DO91S
Pancreas	GTEX-XBED-0226-SM-47JY8
Pancreas	GTEX-18A6Q-1726-SM-7LT9A
Pancreas	GTEX-ZEX8-1026-SM-4WKHE
Pancreas	GTEX-TML8-0526-SM-32QOQ
Pancreas	GTEX-TKQ2-0426-SM-4DXUO
Pancreas	GTEX-1GN1W-1126-SM-9OSW3
Pancreas	GTEX-TMMY-1326-SM-4DXU9
Pancreas	GTEX-18A67-1726-SM-7KFT9
Pancreas	GTEX-131XF-1426-SM-5BC68
Pancreas	GTEX-SUCS-1426-SM-4DM5W
Pancreas	GTEX-1J8Q3-0626-SM-AHZ3V
Pancreas	GTEX-1NUQO-0826-SM-DPS16
Pancreas	GTEX-1CB4I-1326-SM-79OLY
Pancreas	GTEX-14PJ6-0926-SM-686ZA
Pancreas	GTEX-1O97I-1726-SM-EXOIP
Pancreas	GTEX-ZTPG-1026-SM-5DUWP
Pancreas	GTEX-SE5C-0326-SM-4BRWX
Pancreas	GTEX-148VI-0826-SM-5TDDI
Pancreas	GTEX-1399R-0426-SM-5IJE3
Pancreas	GTEX-14JG6-0426-SM-68715
Pancreas	GTEX-XPVG-0326-SM-4B653
Pancreas	GTEX-WFJO-0626-SM-4LVMC
Pancreas	GTEX-1HSGN-1426-SM-A8NAA
Pancreas	GTEX-1J8EW-1926-SM-CGQGR
Pancreas	GTEX-1OFPY-0626-SM-EXOJ4
Pancreas	GTEX-ZC5H-0826-SM-5N9FH
Pancreas	GTEX-1NSGN-1726-SM-EXOJG
Pancreas	GTEX-15DYW-1626-SM-6LLI1
Pancreas	GTEX-SNOS-0926-SM-4DM7A
Pancreas	GTEX-131XE-1926-SM-5IFER
Pancreas	GTEX-1MUQO-1426-SM-DPRYJ
Pancreas	GTEX-14ICL-1126-SM-5S2RE
Pancreas	GTEX-WHWD-0726-SM-4OORX
Pancreas	GTEX-1N2DV-1726-SM-DPRYR
Pancreas	GTEX-18D9U-1626-SM-7KFTW
Pancreas	GTEX-ZT9W-0926-SM-57WFS
Pancreas	GTEX-1497J-0426-SM-5Q5CO
Pancreas	GTEX-1N2EF-2126-SM-DPRYL
Pancreas	GTEX-1HSMO-2026-SM-CNNQO
Pancreas	GTEX-WI4N-1826-SM-4OOSF
Pancreas	GTEX-11VI4-0426-SM-5EGHZ
Pancreas	GTEX-XMK1-0326-SM-4B652
Pancreas	GTEX-11DXX-0926-SM-5H112
Pancreas	GTEX-1LG7Z-0326-SM-DHXK3
Pancreas	GTEX-13FTX-1226-SM-5IFGN
Pancreas	GTEX-WHPG-0326-SM-4M1XV
Pancreas	GTEX-11LCK-0226-SM-5A5M6
Pancreas	GTEX-14DAR-0526-SM-664MX
Pancreas	GTEX-1128S-0826-SM-5GZZI
Pancreas	GTEX-VJYA-0826-SM-4KL1M
Pancreas	GTEX-X4LF-0326-SM-4QAS9
Pancreas	GTEX-1K2DA-0326-SM-CGQGX
Pancreas	GTEX-13D11-2226-SM-5IFEO
Pancreas	GTEX-ZF3C-2026-SM-4WWB5
Pancreas	GTEX-ZG7Y-0326-SM-4WWEY
Pancreas	GTEX-1K2DU-1026-SM-DHXKC
Pancreas	GTEX-13FH7-1426-SM-5IFIC
Pancreas	GTEX-1I4MK-1026-SM-AHZ2H
Pancreas	GTEX-17F98-0426-SM-79ONZ
Pancreas	GTEX-V955-0326-SM-4JBGV
Pancreas	GTEX-1F5PL-0726-SM-7MKH8
Pancreas	GTEX-ZAB5-0826-SM-5P9FU
Pancreas	GTEX-VUSG-0326-SM-3GIJ7
Pancreas	GTEX-14PK6-1026-SM-664NZ
Pancreas	GTEX-X3Y1-0726-SM-3P5YU
Pancreas	GTEX-12BJ1-1126-SM-5EGGG
Pancreas	GTEX-WFG8-0326-SM-4LVN4
Pancreas	GTEX-ZF29-1126-SM-4WKGO
Pancreas	GTEX-14PJO-1826-SM-69LPR
Pancreas	GTEX-17KNJ-1926-SM-7KFRV
Pancreas	GTEX-WFON-0626-SM-4LVLX
Pancreas	GTEX-1JMPZ-1026-SM-CXZJS
Pancreas	GTEX-WFG7-0426-SM-4LMK5
Pancreas	GTEX-13CF3-1026-SM-5LZWY
Pancreas	GTEX-17F9E-1426-SM-793BG
Pancreas	GTEX-17MF6-1426-SM-7IGOX
Pancreas	GTEX-132QS-0926-SM-5P9GB
Pancreas	GTEX-W5WG-0826-SM-4RGNE
Pancreas	GTEX-1339X-1026-SM-5IFH5
Pancreas	GTEX-1K9T9-1726-SM-CXZK1
Pancreas	GTEX-V1D1-0726-SM-4JBH7
Pancreas	GTEX-14E6E-1426-SM-5RQI2
Pancreas	GTEX-WH7G-0826-SM-4LVMR
Pancreas	GTEX-1I1GU-0326-SM-AHZ2K
Pancreas	GTEX-X5EB-0526-SM-46MVP
Pancreas	GTEX-U8XE-2026-SM-3DB8S
Pancreas	GTEX-1I1GT-0926-SM-AHZ2G
Pancreas	GTEX-1L5NE-0826-SM-DHXKU
Pancreas	GTEX-1KXAM-0226-SM-EV7AP
Pancreas	GTEX-1JKYN-0426-SM-CGQG2
Pancreas	GTEX-13FTW-0526-SM-5IFIP
Pancreas	GTEX-U4B1-0726-SM-4DXUA
Pancreas	GTEX-1IDJD-0126-SM-C1YQZ
Pancreas	GTEX-14PN4-1626-SM-6AJB5
Pancreas	GTEX-18A66-2126-SM-7189D
Pancreas	GTEX-ZLWG-0326-SM-4WWC7
Pancreas	GTEX-1IDJC-0526-SM-AHZ2Q
Pancreas	GTEX-14C39-1026-SM-73KWG
Pancreas	GTEX-UJHI-0626-SM-3DB8T
Pancreas	GTEX-1GN1U-1126-SM-9WPPZ
Pancreas	GTEX-14PKU-0626-SM-6EU1Q
Pancreas	GTEX-ZAK1-2326-SM-5CVMY
Pancreas	GTEX-1KANA-1526-SM-CXZKG
Pancreas	GTEX-1JKYR-1026-SM-CGQGI
Pancreas	GTEX-1122O-0726-SM-5GIEV
Pancreas	GTEX-14PKV-0926-SM-6AJB4
Pancreas	GTEX-ZLFU-0726-SM-57WF6
Pancreas	GTEX-132AR-1826-SM-5EGHR
Pancreas	GTEX-1GMR3-1226-SM-7MGY1
Pancreas	GTEX-ZAB4-1726-SM-5HL8C
Pancreas	GTEX-14PN3-0126-SM-6AJAU
Pancreas	GTEX-UJMC-1126-SM-3GADP
Pancreas	GTEX-1211K-1126-SM-5EGGB
Pancreas	GTEX-13FLV-0626-SM-5IFEY
Pancreas	GTEX-139YR-1526-SM-5IFJ1
Pancreas	GTEX-12WSD-1626-SM-5GCNR
Pancreas	GTEX-1OKEX-1726-SM-E9U4F
Pancreas	GTEX-13O1R-1826-SM-5KM3B
Pancreas	GTEX-1CB4G-1826-SM-7MKGO
Pancreas	GTEX-14PHY-1126-SM-664OR
Pancreas	GTEX-1RAZQ-1426-SM-EV7B2
Pancreas	GTEX-QMRM-0326-SM-CKZNB
Pancreas	GTEX-11P7K-0526-SM-5BC5I
Pancreas	GTEX-145ME-0326-SM-5S2QO
Pancreas	GTEX-1H11D-0926-SM-9OSXO
Pancreas	GTEX-QV31-0226-SM-447BO
Pancreas	GTEX-1C4CL-0926-SM-79OL2
Pancreas	GTEX-1IL2U-2326-SM-CNNQV
Pancreas	GTEX-QLQ7-0626-SM-CE6QX
Pancreas	GTEX-Y3I4-0826-SM-4TT2A
Pancreas	GTEX-YEC4-1326-SM-5IFHG
Pancreas	GTEX-QESD-0226-SM-447BH
Pancreas	GTEX-1AX8Z-1726-SM-731DE
Pancreas	GTEX-QLQW-0326-SM-447A8
Pancreas	GTEX-1AMFI-0726-SM-731D9
Pancreas	GTEX-1RAZA-1626-SM-EV79I
Pancreas	GTEX-15RIF-0626-SM-6LLI3
Pancreas	GTEX-YF7O-1326-SM-4W1ZR
Pancreas	GTEX-S4P3-0626-SM-4AD59
Pancreas	GTEX-R53T-0426-SM-48FEM
Pancreas	GTEX-1R7EV-1126-SM-DPRXU
Pancreas	GTEX-1C6VQ-1726-SM-7IGLQ
Pancreas	GTEX-1R9K5-1226-SM-E6CPQ
Pancreas	GTEX-ZVZP-0626-SM-59HL5
Pancreas	GTEX-1GF9X-1126-SM-7MKHC
Pancreas	GTEX-11EQ9-1026-SM-5H134
Pancreas	GTEX-1399U-0926-SM-5IFHA
Pancreas	GTEX-1C64O-1426-SM-7EWER
Pancreas	GTEX-11NSD-0526-SM-5A5LT
Pancreas	GTEX-14PJ4-0726-SM-6872E
Pancreas	GTEX-Y114-0826-SM-4TT77
Pancreas	GTEX-QV44-0426-SM-4R1KF
Pancreas	GTEX-15RJ7-0826-SM-6LLI8
Pancreas	GTEX-1R7EU-0726-SM-DPRZM
Pancreas	GTEX-QEL4-1326-SM-447AD
Pancreas	GTEX-11ONC-0526-SM-5BC57
Pancreas	GTEX-14PJ2-1526-SM-686Z4
Pancreas	GTEX-QCQG-0426-SM-48U29
Pancreas	GTEX-13PVR-0726-SM-5S2PX
Pancreas	GTEX-NFK9-1626-SM-3LK5J
Pancreas	GTEX-1B97J-1526-SM-79ONI
Pancreas	GTEX-1AX9J-1726-SM-731FF
Pancreas	GTEX-N7MT-1626-SM-3LK71
Pancreas	GTEX-144FL-1526-SM-5Q5CA
Pancreas	GTEX-Q734-0426-SM-48TZX
Pancreas	GTEX-13YAN-2126-SM-5Q5C4
Pancreas	GTEX-15SHV-1526-SM-6LLIB
Pancreas	GTEX-117YX-0226-SM-5EGH6
Pancreas	GTEX-Q2AI-0426-SM-48U13
Pancreas	GTEX-ZDTT-1126-SM-4WKFW
Pancreas	GTEX-14PJ3-0426-SM-6LLHF
Pancreas	GTEX-144GM-0726-SM-79OJQ
Pancreas	GTEX-ZYFG-0826-SM-5BC5T
Pancreas	GTEX-15SDE-0826-SM-6M463
Pancreas	GTEX-Y3IK-0426-SM-4WWE2
Pancreas	GTEX-15SB6-0226-SM-6LLIA
Pancreas	GTEX-WXYG-0826-SM-4ONC7
Pancreas	GTEX-1S82P-1026-SM-EAZ4W
Pancreas	GTEX-QDVN-0926-SM-2I5GL
Pancreas	GTEX-13PL7-2226-SM-5L3IC
Pancreas	GTEX-QDVJ-1226-SM-48U1V
Pancreas	GTEX-1S831-0626-SM-EV79N
Pancreas	GTEX-Y5LM-0526-SM-4V6G3
Pancreas	GTEX-1S83E-1426-SM-EV7B8
Pancreas	GTEX-17HGU-2026-SM-79OKS
Pancreas	GTEX-YEC3-0626-SM-CMKFG
Pancreas	GTEX-1399S-0326-SM-5IFFS
Pancreas	GTEX-144GN-0826-SM-5LU5G
Pancreas	GTEX-1B996-1326-SM-731EO
Pancreas	GTEX-1C2JI-0926-SM-731F1
Pancreas	GTEX-1R46S-1426-SM-EXOJD
Pancreas	GTEX-XYKS-1226-SM-4BRVI
Pancreas	GTEX-11GSP-0426-SM-5A5KX
Pancreas	GTEX-1PWST-1526-SM-EXOIT
Pancreas	GTEX-1GL5R-0926-SM-9JGFO
Pancreas	GTEX-1QAET-1326-SM-E9U64
Pancreas	GTEX-13O61-2126-SM-5IJEO
Pancreas	GTEX-WYVS-0926-SM-4SOJV
Pancreas	GTEX-1CAMS-1926-SM-7DUEU
Pancreas	GTEX-XUW1-1726-SM-4BOOZ
Pancreas	GTEX-1A3MW-1926-SM-7IGM8
Pancreas	GTEX-15EU6-1126-SM-68721
Pancreas	GTEX-ZV7C-0726-SM-59HKH
Pancreas	GTEX-1QEPI-1626-SM-EAZ3I
Pancreas	GTEX-WQUQ-2126-SM-4OOSO
Pancreas	GTEX-1CAMR-1126-SM-7MGXF
Pancreas	GTEX-146FR-0126-SM-5Q5F3
Pancreas	GTEX-WYJK-2426-SM-4ONDQ
Pancreas	GTEX-145MN-1426-SM-5SI9H
Pancreas	GTEX-1PPH8-2326-SM-EAZ48
Pancreas	GTEX-YFCO-1026-SM-5LU9S
Pancreas	GTEX-S3XE-0526-SM-4AD4G
Pancreas	GTEX-1PBJI-2126-SM-DPRYG
Pancreas	GTEX-178AV-0226-SM-793B7
Pancreas	GTEX-1PFEY-1126-SM-DPRZ3
Pancreas	GTEX-S33H-1226-SM-4AD69
Pancreas	GTEX-11I78-0626-SM-5A5LZ
Pancreas	GTEX-1IDJU-0326-SM-CGQEE
Pancreas	GTEX-15ER7-1326-SM-6LPK9
Pancreas	GTEX-16Z82-1726-SM-7MGX3
Pancreas	GTEX-S32W-0826-SM-4AD5Z
Pancreas	GTEX-1HKZK-1126-SM-9WG82
Pancreas	GTEX-XQ8I-1926-SM-4BOOK
Pancreas	GTEX-ZDYS-2526-SM-4WKGU
Pancreas	GTEX-RWS6-1126-SM-47JXC
Pancreas	GTEX-1CB4F-1226-SM-7DHKU
Pancreas	GTEX-WRHK-0226-SM-4MVOH
Pancreas	GTEX-111CU-0526-SM-5EGHK
Pancreas	GTEX-1QP2A-1326-SM-EAZ3K
Pancreas	GTEX-1QW4Y-0926-SM-DPRY2
Pancreas	GTEX-R55D-1426-SM-48FEN
Pancreas	GTEX-14PHX-2026-SM-6872C
Pancreas	GTEX-1QPFJ-2226-SM-EXOJW
Pancreas	GTEX-ZVT2-2026-SM-5NQ8Q
Pancreas	GTEX-111YS-1226-SM-5EGGJ
Pancreas	GTEX-XXEK-1726-SM-4BRVB
Pancreas	GTEX-145MO-2126-SM-5Q5CZ
Pancreas	GTEX-1A8FM-1826-SM-7MGXO
Pancreas	GTEX-R55G-0326-SM-48FDM
Pancreas	GTEX-1GZ4H-0626-SM-9OSXJ
Pancreas	GTEX-17HHE-0526-SM-7DUGR
Pancreas	GTEX-RM2N-0326-SM-48FD8
Pancreas	GTEX-ZVP2-0726-SM-59HKY
Pancreas	GTEX-12WSG-1026-SM-5EGII
Pancreas	GTEX-14PJN-1526-SM-6AJBP
Pancreas	GTEX-1CAMQ-1626-SM-7MGXG
Pancreas	GTEX-1QP29-1926-SM-DPRZO
Pancreas	GTEX-15FZZ-0626-SM-7KFTO
Pancreas	GTEX-11TT1-0326-SM-5LUAY
Pancreas	GTEX-1QP28-1026-SM-EAZ4K
Pancreas	GTEX-146FQ-1526-SM-5Q5CX
Pancreas	GTEX-13OVI-0526-SM-5IFFQ
Pancreas	GTEX-XV7Q-0926-SM-4BRVQ
Pancreas_10	GTEX-1GZ4H-0626-SM-9OSXJ
Pancreas_10	GTEX-1B933-1726-SM-731FC
Pancreas_10	GTEX-1K9T9-1726-SM-CXZK1
Pancreas_10	GTEX-QDVJ-1226-SM-48U1V
Pancreas_10	GTEX-XV7Q-0926-SM-4BRVQ
Pancreas_10	GTEX-ZAB5-0826-SM-5P9FU
Pancreas_10	GTEX-12WSN-0826-SM-5GCOF
Pancreas_10	GTEX-Q734-0426-SM-48TZX
Pancreas_10	GTEX-1GL5R-0926-SM-9JGFO
Pancreas_10	GTEX-1AYD5-0326-SM-7EWEO
